"[object Object]","false","[object Object]"
"[object Object]","false","[object Object]"
"[object Object]","false","[object Object]"
"[object Object]","false","[object Object]"
"[object Object]","false","[object Object]"
"[object Object]","false","[object Object]"
"[object Object]","false","[object Object]"
"[object Object]","false","[object Object]"
"[object Object]","false","[object Object]"
"[object Object]","false","[object Object]"
"[object Object]","false","[object Object]"
"[object Object]","false","[object Object]"
"[object Object]","false","[object Object]"
"[object Object]","false","[object Object]"
"[object Object]","false","[object Object]"
"[object Object]","false","[object Object]"
"[object Object]","false","[object Object]"
"[object Object]","false","[object Object]"
"[object Object]","false","[object Object]"
"[object Object]","false","[object Object]"
"[object Object]","false","[object Object]"
